Type,Name,Request Count,Failure Count,Median Response Time,Average Response Time,Min Response Time,Max Response Time,Average Content Size,Requests/s,Failures/s,50%,66%,75%,80%,90%,95%,98%,99%,99.9%,99.99%,100%
POST,/api/forecast/predict,7,0,2.1391999907791615,293.8535714056343,2.1391999907791615,2042.4313000403345,59.0,0.11829867090612442,0.0,2,2,3,3,2000,2000,2000,2000,2000,2000,2000
POST,/api/sentiment/analyze,24,0,3,2.9781958437524736,2.040799940004945,5.854600109159946,74.5,0.4055954431067123,0.0,3,3,3,3,4,5,6,6,6,6,6
GET,/api/users/me,45,0,2,48.12182445182569,1.9473000429570675,2052.2016999311745,68.0,0.7604914558250856,0.0,2,3,3,3,3,4,2100,2100,2100,2100,2100
GET,/health,102,0,2,42.31067450817528,1.7566001042723656,2047.9468000121415,93.0,1.7237806332035273,0.0,2,2,3,3,3,4,4,2000,2000,2000,2000
GET,/live,59,0,2,140.46132881825758,1.6799001023173332,2047.8880999144167,61.0,0.9970887976373344,0.0,2,2,2,3,3,2000,2000,2000,2000,2000,2000
GET,/ready,51,0,2,82.47761175894708,1.6929998528212309,2047.9207998141646,101.0,0.8618903166017636,0.0,2,2,2,2,3,3,2000,2000,2000,2000,2000
,Aggregated,288,0,2,73.2749972230522,1.6799001023173332,2052.2016999311745,81.58680555555556,4.8671453172805474,0.0,2,2,3,3,3,4,2000,2000,2100,2100,2100
