Type,Name,Request Count,Failure Count,Median Response Time,Average Response Time,Min Response Time,Max Response Time,Average Content Size,Requests/s,Failures/s,50%,66%,75%,80%,90%,95%,98%,99%,99.9%,99.99%,100%
POST,/api/forecast/predict,1792,0,4,66.34132019514384,0.8163000456988811,2592.47890021652,59.0,30.184496428226733,0.0,4,6,8,8,12,22,2100,2100,2400,2600,2600
POST,/api/sentiment/analyze,2603,0,4,58.12428036079962,0.8328999392688274,2358.7636998854578,74.54168267383788,43.84500234524229,0.0,4,6,8,9,13,24,2100,2100,2200,2400,2400
GET,/api/users/me,4533,0,4,58.65168801765456,0.7088999263942242,2581.83899987489,68.0,76.35397450287488,0.0,4,6,8,9,12,21,2100,2100,2100,2600,2600
GET,/health,13265,0,4,56.328429644306034,0.694700051099062,2574.389699846506,93.0,223.43601848238148,0.0,4,6,7,8,13,22,2100,2100,2100,2500,2600
GET,/live,7172,0,4,65.79782070638274,0.7683997973799706,2586.749400012195,61.0,120.80536182100565,0.0,4,6,8,9,13,23,2100,2100,2400,2600,2600
GET,/ready,8980,0,4,62.01876988613725,0.7650000043213367,2458.7324000895023,101.0,151.25936268162727,0.0,4,6,8,9,13,25,2100,2100,2300,2500,2500
,Aggregated,38345,0,4,60.29668515499534,0.694700051099062,2592.47890021652,83.09091146172904,645.8842162613583,0.0,4,6,8,9,13,23,2100,2100,2200,2600,2600
