Type,Name,Request Count,Failure Count,Median Response Time,Average Response Time,Min Response Time,Max Response Time,Average Content Size,Requests/s,Failures/s,50%,66%,75%,80%,90%,95%,98%,99%,99.9%,99.99%,100%
POST,/api/forecast/predict,50,0,2,43.04546596482396,1.590699888765812,2032.1720000356436,59.0,1.7117515774031018,0.0,2,3,3,3,3,3,2000,2000,2000,2000,2000
POST,/api/sentiment/analyze,58,0,3,72.46588796762556,1.9115000031888485,2032.4285998940468,74.60344827586206,1.9856318297875981,0.0,3,3,3,3,3,4,2000,2000,2000,2000,2000
GET,/api/users/me,129,0,2,97.64220929062066,1.5680999495089054,2061.1008000560105,68.0,4.416319069700003,0.0,2,3,3,3,3,23,2100,2100,2100,2100,2100
GET,/health,360,0,2,138.3939008319026,1.4003999531269073,2229.521700181067,93.0,12.324611357302333,0.0,2,3,3,3,3,2000,2000,2000,2200,2200,2200
GET,/live,192,0,2,98.22615831944859,1.151499804109335,2064.3484997563064,61.0,6.573126057227911,0.0,2,3,3,3,3,4,2000,2100,2100,2100,2100
GET,/ready,237,0,2,71.35562404777995,1.42620038241148,2067.051500082016,101.0,8.113702476890703,0.0,2,3,3,3,3,4,2000,2100,2100,2100,2100
,Aggregated,1026,0,2,101.89439512182891,1.151499804109335,2229.521700181067,83.01949317738791,35.12514236831165,0.0,2,3,3,3,3,9,2000,2100,2100,2200,2200
