Type,Name,Request Count,Failure Count,Median Response Time,Average Response Time,Min Response Time,Max Response Time,Average Content Size,Requests/s,Failures/s,50%,66%,75%,80%,90%,95%,98%,99%,99.9%,99.99%,100%
POST,/api/forecast/predict,4,4,4099.844200070947,4088.0753499804996,4075.7706000003964,4099.844200070947,0.0,0.0695828886146623,0.0695828886146623,4100,4100,4100,4100,4100,4100,4100,4100,4100,4100,4100
POST,/api/sentiment/analyze,7,7,4100,4129.295557138643,4048.8716000691056,4456.098899943754,0.0,0.12177005507565902,0.12177005507565902,4100,4100,4100,4100,4500,4500,4500,4500,4500,4500,4500
GET,/api/users/me,14,14,4089.35540006496,4068.6048142711766,4040.3142999857664,4089.35540006496,0.0,0.24354011015131805,0.24354011015131805,4100,4100,4100,4100,4100,4100,4100,4100,4100,4100,4100
GET,/health,28,28,4100,4084.9956321097643,4042.0049000531435,4393.81209993735,0.0,0.4870802203026361,0.4870802203026361,4100,4100,4100,4100,4100,4200,4400,4400,4400,4400,4400
GET,/live,17,17,4100,4094.4788294077357,4046.1665999609977,4325.845699990168,0.0,0.2957272766123148,0.2957272766123148,4100,4100,4100,4100,4100,4300,4300,4300,4300,4300,4300
GET,/ready,20,20,4100,4107.024024985731,4033.731399802491,4426.604999927804,0.0,0.3479144430733115,0.3479144430733115,4100,4100,4100,4100,4400,4400,4400,4400,4400,4400,4400
,Aggregated,90,90,4100,4092.714844426761,4033.731399802491,4456.098899943754,0.0,1.5656149938299018,1.5656149938299018,4100,4100,4100,4100,4100,4300,4400,4500,4500,4500,4500
