Type,Name,Request Count,Failure Count,Median Response Time,Average Response Time,Min Response Time,Max Response Time,Average Content Size,Requests/s,Failures/s,50%,66%,75%,80%,90%,95%,98%,99%,99.9%,99.99%,100%
POST,/api/forecast/predict,300,300,4100,4106.722103333256,4033.26419997029,4763.291700044647,0.0,5.056188538781671,5.056188538781671,4100,4100,4100,4100,4200,4300,4500,4600,4800,4800,4800
POST,/api/sentiment/analyze,596,596,4100,4103.087969636857,4038.2856000214815,4880.627800012007,0.0,10.044961230379586,10.044961230379586,4100,4100,4100,4100,4200,4400,4500,4500,4900,4900,4900
GET,/api/users/me,885,885,4100,4105.515989601759,4023.546499898657,4772.417000029236,0.0,14.915756189405931,14.915756189405931,4100,4100,4100,4100,4200,4400,4500,4500,4800,4800,4800
GET,/health,3065,3065,4100,4103.736756249904,4029.401399893686,4990.23270001635,0.0,51.657392904552744,51.657392904552744,4100,4100,4100,4100,4200,4400,4500,4500,4800,5000,5000
GET,/live,1572,1572,4100,4104.764537913926,4029.3378999922425,4820.060400059447,0.0,26.494427943215957,26.494427943215957,4100,4100,4100,4100,4200,4400,4500,4500,4700,4800,4800
GET,/ready,1564,1564,4100,4107.3685227582155,4028.7375000771135,4716.016399906948,0.0,26.359596248848447,26.359596248848447,4100,4100,4100,4100,4200,4400,4500,4500,4700,4700,4700
,Aggregated,7982,7982,4100,4104.911813179853,4023.546499898657,4990.23270001635,0.0,134.52832305518433,134.52832305518433,4100,4100,4100,4100,4200,4400,4500,4500,4800,5000,5000
