Type,Name,Request Count,Failure Count,Median Response Time,Average Response Time,Min Response Time,Max Response Time,Average Content Size,Requests/s,Failures/s,50%,66%,75%,80%,90%,95%,98%,99%,99.9%,99.99%,100%
POST,/api/forecast/predict,416,416,4100,4120.738066598558,4047.358399722725,4637.5123001635075,0.0,6.997519801927447,6.997519801927447,4100,4100,4100,4100,4100,4300,4500,4500,4600,4600,4600
POST,/api/sentiment/analyze,587,587,4100,4144.482994038021,4044.254200067371,5002.955900039524,0.0,9.873904143585124,9.873904143585124,4100,4100,4100,4100,4300,4500,4600,4600,5000,5000,5000
GET,/api/users/me,1057,1057,4100,4127.411027065352,4044.816799927503,4789.942299947143,0.0,17.779755842878153,17.779755842878153,4100,4100,4100,4100,4200,4400,4500,4600,4800,4800,4800
GET,/health,3145,3145,4100,4132.351682988545,4029.487100429833,5018.143699970096,0.0,52.901922541013995,52.901922541013995,4100,4100,4100,4100,4200,4400,4600,4600,4800,5000,5000
GET,/live,1660,1660,4100,4132.957515366802,4044.9657002463937,5005.647700279951,0.0,27.922795363460484,27.922795363460484,4100,4100,4100,4100,4200,4400,4600,4700,5000,5000,5000
GET,/ready,2136,2136,4100,4125.380609125205,4039.128900039941,4892.569600138813,0.0,35.929572829127466,35.929572829127466,4100,4100,4100,4100,4200,4400,4500,4600,4800,4900,4900
,Aggregated,9001,9001,4100,4130.483336119614,4029.487100429833,5018.143699970096,0.0,151.40547052199267,151.40547052199267,4100,4100,4100,4100,4200,4400,4500,4600,4800,5000,5000
