Type,Name,Request Count,Failure Count,Median Response Time,Average Response Time,Min Response Time,Max Response Time,Average Content Size,Requests/s,Failures/s,50%,66%,75%,80%,90%,95%,98%,99%,99.9%,99.99%,100%
POST,/api/forecast/predict,221,221,4100,4138.83601086703,4068.806300405413,4733.799899928272,0.0,3.7193246200786816,3.7193246200786816,4100,4100,4100,4100,4300,4500,4500,4500,4700,4700,4700
POST,/api/sentiment/analyze,278,278,4100,4137.833150003185,4066.9972002506256,4815.540099982172,0.0,4.6786074406419615,4.6786074406419615,4100,4100,4100,4100,4200,4500,4600,4700,4800,4800,4800
GET,/api/users/me,513,513,4100,4125.773058501644,4062.190300319344,4825.295999646187,0.0,8.63354538506952,8.63354538506952,4100,4100,4100,4100,4100,4300,4600,4600,4800,4800,4800
GET,/health,1533,1533,4100,4134.433819124425,4054.3957999907434,5071.418099571019,0.0,25.799659016201897,25.799659016201897,4100,4100,4100,4100,4200,4400,4600,4600,4900,5100,5100
GET,/live,849,849,4100,4131.074776549936,4059.9251999519765,5067.613600287586,0.0,14.288265169442537,14.288265169442537,4100,4100,4100,4100,4100,4400,4600,4600,5100,5100,5100
GET,/ready,1087,1087,4100,4131.559837895266,4049.698700197041,5014.637599699199,0.0,18.293691683373424,18.293691683373424,4100,4100,4100,4100,4100,4400,4600,4600,4800,5000,5000
,Aggregated,4481,4481,4100,4132.53671656207,4049.698700197041,5071.418099571019,0.0,75.41309331480802,75.41309331480802,4100,4100,4100,4100,4200,4400,4600,4600,4800,5100,5100
