Type,Name,Request Count,Failure Count,Median Response Time,Average Response Time,Min Response Time,Max Response Time,Average Content Size,Requests/s,Failures/s,50%,66%,75%,80%,90%,95%,98%,99%,99.9%,99.99%,100%
POST,/api/forecast/predict,46,46,4100,4170.624360877454,4059.3900000676513,4861.254200339317,0.0,0.7721220480710106,0.7721220480710106,4100,4100,4100,4200,4400,4500,4900,4900,4900,4900,4900
POST,/api/sentiment/analyze,83,83,4100,4119.843730130738,4062.007099855691,4519.970099907368,0.0,1.3931767389107363,1.3931767389107363,4100,4100,4100,4100,4100,4400,4500,4500,4500,4500,4500
GET,/api/users/me,107,107,4100,4145.441781350838,4067.783399950713,4644.242899958044,0.0,1.7960230248608289,1.7960230248608289,4100,4100,4100,4100,4400,4500,4600,4600,4600,4600,4600
GET,/health,350,350,4100,4139.112502568002,4057.779199909419,4894.814299885184,0.0,5.874841670105515,5.874841670105515,4100,4100,4100,4100,4300,4400,4600,4700,4900,4900,4900
GET,/live,168,168,4100,4122.686545256459,4062.573800329119,4625.769900158048,0.0,2.819924001650647,2.819924001650647,4100,4100,4100,4100,4100,4400,4500,4600,4600,4600,4600
GET,/ready,246,246,4100,4143.266395529414,4061.2014001235366,4841.130200307816,0.0,4.1291744309884475,4.1291744309884475,4100,4100,4100,4100,4300,4500,4600,4600,4800,4800,4800
,Aggregated,1000,1000,4100,4137.9022696078755,4057.779199909419,4894.814299885184,0.0,16.785261914587185,16.785261914587185,4100,4100,4100,4100,4300,4500,4600,4600,4900,4900,4900
