Type,Name,Request Count,Failure Count,Median Response Time,Average Response Time,Min Response Time,Max Response Time,Average Content Size,Requests/s,Failures/s,50%,66%,75%,80%,90%,95%,98%,99%,99.9%,99.99%,100%
POST,/api/forecast/predict,99,0,2,45.22151515508691,1.5182001516222954,2141.1073999479413,59.0,1.668199101635564,0.0,2,3,3,3,5,8,2100,2100,2100,2100,2100
POST,/api/sentiment/analyze,187,0,3,68.31407701138427,1.6252000350505114,2056.806599954143,74.56149732620321,3.151042747533843,0.0,3,3,3,3,5,7,2000,2000,2100,2100,2100
GET,/api/users/me,306,0,2,70.00518920663988,1.2747000437229872,2208.137599984184,68.0,5.156251768691743,0.0,2,3,3,4,5,8,2000,2100,2200,2200,2200
GET,/health,1004,0,2,87.74404143228148,1.067400211468339,2492.587000131607,93.0,16.917897960021275,0.0,2,3,3,4,5,7,2000,2000,2500,2500,2500
GET,/live,567,0,2,82.53587407759692,1.0760999284684658,2451.868300093338,61.0,9.55423121845823,0.0,2,3,3,3,5,7,2000,2000,2500,2500,2500
GET,/ready,504,0,2,80.7526511914422,1.066500088199973,2454.886300023645,101.0,8.492649971962871,0.0,2,3,3,4,5,8,2000,2000,2500,2500,2500
,Aggregated,2667,0,2,80.33949932478785,1.066500088199973,2492.587000131607,82.28533933258343,44.94027276830353,0.0,2,3,3,4,5,7,2000,2100,2500,2500,2500
